date,reservoir,depth,density_cells/ml
2017-06-20,BHR,0,"2335,228517"
2017-06-20,BHR,0,"25687,51368"
2017-06-20,BHR,0,"1132,232008"
2017-06-20,BHR,0,"45713,86733"
2017-06-20,BHR,0,"778,4095056"
2017-06-20,BHR,0,"9623,972069"
2017-06-20,BHR,5,"202,3396949"
2017-06-20,BHR,5,"32197,84773"
2017-06-20,BHR,5,"1437,403917"
2017-06-20,BHR,0,"1708,457227"
2017-06-20,BHR,0,"29306,61242"
2017-06-20,BHR,0,"35286,21272"
2017-06-20,BHR,0,"5782,470613"
2017-06-20,BHR,0,"6,311111111"
2018-09-20,BHR,0,"14054,61607"
2018-09-20,BHR,0,"66951,0802"
2018-09-20,BHR,0,"1677,289576"
2018-09-20,BHR,0,"61073,6953"
2018-09-20,BHR,0,"162778,008"
2018-09-20,BHR,0,"82283,38864"
2018-09-20,BHR,5,"10349,3082"
2018-09-20,BHR,5,"372,7310169"
2018-09-20,BHR,5,"85860,92728"
2018-09-20,BHR,5,"76278,2345"
2018-09-20,BHR,5,"230751,2421"
2018-09-20,BHR,5,"126874,8524"
2017-09-28,BRR,0,"2768,858983"
2017-09-28,BRR,0,"4366,277627"
2017-09-28,BRR,0,"328111,4007"
2017-09-28,BRR,0,"150256,6227"
2017-09-28,BRR,0,"91993,85066"
2017-09-28,BRR,0,"3407,826441"
2017-09-28,BRR,0,"1248049,907"
2017-09-28,BRR,0,"584160,9517"
2017-09-28,BRR,0,"433904,3289"
2017-09-28,BRR,0,"280581,2445"
2017-09-28,BRR,5,"31277,90922"
2017-09-28,BRR,5,"2981,848136"
2017-09-28,BRR,5,"4792,255932"
2017-09-28,BRR,5,"379014,6647"
2017-09-28,BRR,5,"3679,754026"
2017-09-28,BRR,5,"253903,0278"
2017-09-28,BRR,5,"112232,4978"
2017-09-28,BRR,5,"117752,1288"
2017-09-28,BRR,5,"3679,754026"
2017-09-28,BRR,5,"1151763,01"
2017-09-28,BRR,5,"673394,9868"
2017-09-28,BRR,5,"235504,2577"
2017-09-28,BRR,5,"355096,2635"
2017-09-28,BRR,0,"9199,385066"
2017-09-28,BRR,0,"218740,9338"
2017-09-28,BRR,0,"39864,00195"
2017-09-28,BRR,0,"157411,7"
2017-09-28,BRR,0,"65417,84936"
2017-09-28,BRR,0,"683820,9566"
2017-09-28,BRR,0,"337310,7857"
2017-09-28,BRR,0,"219763,0877"
2017-09-28,BRR,0,"131857,8526"
2017-09-28,BRR,0,3000
2017-09-28,BRR,0,"86111,11111"
2017-09-28,BRR,0,"303388,8889"
2018-08-06,BRR,0,"18782,07784"
2018-08-06,BRR,0,"4983,000244"
2018-08-06,BRR,0,"50596,61786"
2018-08-06,BRR,0,"3833,804746"
2018-08-06,BRR,0,"365292,2487"
2018-08-06,BRR,0,"39864,00195"
2018-08-06,BRR,0,"1064,945763"
2018-08-06,BRR,0,"6132,923377"
2018-08-06,BRR,0,"399,354661"
2018-08-06,BRR,0,"3833,077111"
2018-08-06,BRR,0,"328494,7084"
2018-08-06,BRR,0,"51746,541"
2018-08-06,BRR,0,"2299,846266"
2018-08-06,BRR,0,"186,3655085"
2018-08-06,BRR,0,"72061,84968"
2018-08-06,BRR,0,"5749,615666"
2018-08-06,BRR,5,"372,7310169"
2018-08-06,BRR,5,"7359,508053"
2018-08-06,BRR,5,"53356,43338"
2018-08-06,BRR,5,"409832,6047"
2018-08-06,BRR,5,"20238,64714"
2018-08-06,BRR,5,"35877,60176"
2018-08-06,BRR,5,"399,354661"
2018-08-06,BRR,5,"6439,569546"
2018-08-06,BRR,5,"523904,9795"
2018-08-06,BRR,5,"74515,01903"
2018-08-06,BRR,5,"107632,8053"
2018-08-06,BRR,5,"798,709322"
2017-07-25,BVR,0,"266,2364407"
2017-07-25,BVR,0,"31321,71582"
2017-07-25,BVR,0,"28912,35306"
2017-07-25,BVR,0,"46873,05724"
2017-07-25,BVR,0,"8542,286133"
2017-07-25,BVR,0,"15113,27547"
2017-07-25,BVR,0,"1419,927684"
2017-07-25,BVR,0,"1473,174972"
2017-07-25,BVR,0,"117620,7091"
2017-07-25,BVR,0,"24750,72649"
2017-07-25,BVR,0,"38549,80409"
2017-07-25,BVR,0,"390,480113"
2017-07-25,BVR,0,"111706,8187"
2017-07-25,BVR,0,"354,9819209"
2017-07-25,BVR,5,"1544,171356"
2017-07-25,BVR,5,"7454,620339"
2017-07-25,BVR,5,"71039,69579"
2017-07-25,BVR,5,"47019,07923"
2017-07-25,BVR,5,"106,4945763"
2017-07-25,BVR,5,"123680,6214"
2017-07-25,BVR,5,"11243,69286"
2017-07-25,BVR,5,"7155,077273"
2017-07-25,BVR,5,"6132,923377"
2017-07-25,BVR,5,"1022,153896"
2017-07-25,BVR,5,"321467,4004"
2017-07-25,BVR,5,"33220,00163"
2017-07-25,BVR,5,"43441,54059"
2017-07-25,BVR,5,"35264,30942"
2017-07-25,BVR,5,"5110,769481"
2017-07-25,BVR,5,"434926,4828"
2017-07-25,BVR,5,"5110,769481"
2017-07-25,BVR,0,"9478,017288"
2017-07-25,BVR,0,"9617,538933"
2017-07-25,BVR,0,"18398,77013"
2017-07-25,BVR,0,"26343,6936"
2017-07-25,BVR,0,"851,9566102"
2017-07-25,BVR,0,"79449,23466"
2017-07-25,BVR,0,"10872,00053"
2017-07-25,BVR,0,"3763,3848"
2017-07-25,BVR,0,"8679,307966"
2017-07-25,BVR,0,"217858,1645"
2017-07-25,BVR,0,"36797,54026"
2017-07-25,BVR,0,"2289,63339"
2017-07-25,BVR,0,"11290,1544"
2017-07-25,BVR,0,"2129,891525"
2017-07-25,BVR,0,"334941,2472"
2017-07-25,BVR,0,"3763,3848"
2017-07-25,BVR,0,8250
2017-07-25,BVR,0,95550
2017-07-25,BVR,0,5000
2017-07-25,BVR,0,8750
2017-07-25,BVR,0,16800
2017-07-25,BVR,0,800
2017-07-25,BVR,0,3900
2017-07-25,BVR,0,5440
2017-07-25,BVR,0,30000
2017-07-25,BVR,0,10400
2017-07-25,BVR,0,38950
2017-07-25,BVR,0,100
2017-07-25,BVR,0,400
2017-09-12,BVR,0,"106,4945763"
2017-09-12,BVR,0,"18836,83609"
2017-09-12,BVR,0,"33512,0456"
2017-09-12,BVR,0,"70,99638418"
2017-09-12,BVR,0,"60015,03591"
2017-09-12,BVR,0,"79728,0039"
2017-09-12,BVR,0,"5256,791466"
2017-09-12,BVR,0,"24531,69351"
2017-09-12,BVR,0,"1792,658701"
2017-09-12,BVR,0,"144561,7653"
2017-09-12,BVR,0,"23436,52862"
2017-09-12,BVR,0,"35045,27644"
2017-09-12,BVR,5,"22560,39671"
2017-09-12,BVR,5,"36797,54026"
2017-09-12,BVR,5,"71404,75075"
2017-09-12,BVR,5,"68119,25608"
2017-09-12,BVR,5,"3504,527644"
2017-09-12,BVR,5,"1135,942147"
2017-09-12,BVR,5,"86298,99324"
2017-09-12,BVR,5,"22779,42969"
2017-09-12,BVR,5,"3504,527644"
2017-09-12,BVR,5,"36359,47431"
2017-09-12,BVR,0,"38075,23263"
2017-09-12,BVR,0,"35519,84789"
2017-09-12,BVR,0,"95571,3893"
2017-09-12,BVR,0,"76917,08069"
2017-09-12,BVR,0,"16354,46234"
2017-09-12,BVR,0,"4088,615585"
2017-09-12,BVR,0,"33220,00163"
2017-09-12,BVR,0,"3577,538637"
2017-09-12,BVR,0,"107581,6976"
2017-09-12,BVR,0,"51107,69481"
2017-09-12,BVR,0,"31942,30926"
2017-09-12,BVR,0,"2810,923215"
2017-09-12,BVR,0,9585
2017-09-12,BVR,0,106500
2017-09-12,BVR,0,62125
2017-09-12,BVR,0,"294424,6032"
2017-09-12,BVR,0,35500
2017-09-12,BVR,0,21300
2017-09-12,BVR,0,53960
2017-09-12,BVR,0,532500
2017-09-12,BVR,0,124250
2017-09-12,BVR,0,14200
2017-09-12,BVR,0,"107483,0769"
2017-09-12,BVR,0,24850
2017-09-12,BVR,0,2130
2018-07-12,BVR,0,"2491,500122"
2018-07-12,BVR,0,"8432,769644"
2018-07-12,BVR,0,"17,74909605"
2018-07-12,BVR,0,"47530,15617"
2018-07-12,BVR,0,"1118,193051"
2018-07-12,BVR,0,"425,9783051"
2018-07-12,BVR,0,"82986,11945"
2018-07-12,BVR,0,"674,4656497"
2018-07-12,BVR,0,"2683,153978"
2018-07-12,BVR,0,"93335,42765"
2018-07-12,BVR,5,"5366,307955"
2018-07-12,BVR,5,"48296,7716"
2018-07-12,BVR,5,"479,2255932"
2018-07-12,BVR,5,"8432,769644"
2018-07-12,BVR,5,"3066,461689"
2018-07-12,BVR,5,"266,2364407"
2018-07-12,BVR,5,"74170,04209"
2018-07-12,BVR,5,"727,7129379"
2018-07-12,BVR,5,"74745,00366"
2017-06-05,CBR,0,"325210,2991"
2017-06-05,CBR,0,"5165,701678"
2017-06-05,CBR,0,"224314,029"
2017-06-05,CBR,0,"421,6899329"
2017-06-05,CBR,0,"26124,92707"
2017-06-05,CBR,0,"1686,759732"
2017-06-05,CBR,0,"1897,604698"
2017-06-05,CBR,0,"434214,3052"
2017-06-05,CBR,0,"5060,279195"
2017-06-05,CBR,0,"541416,5921"
2017-06-05,CBR,0,"32430,94395"
2017-06-05,CBR,0,"5587,391611"
2017-06-05,CBR,0,"3603,438217"
2017-06-05,CBR,5,"356482,995"
2017-06-05,CBR,5,"20591,07553"
2017-06-05,CBR,5,"364204,6484"
2017-06-05,CBR,5,"2319,294631"
2017-06-05,CBR,5,"18017,19109"
2017-06-05,CBR,5,"528933,2526"
2017-06-05,CBR,5,"37321,32439"
2017-06-05,CBR,5,"878981,5365"
2017-06-05,CBR,5,"25738,84441"
2017-06-05,CBR,5,"10295,53776"
2017-06-05,CBR,0,"158150,8995"
2017-06-05,CBR,0,"31029,60687"
2017-06-05,CBR,0,"843,3798658"
2017-06-05,CBR,0,"221211,0683"
2017-06-05,CBR,0,"15014,3259"
2017-06-05,CBR,0,"527,1124161"
2017-06-05,CBR,0,"279266,4618"
2017-06-05,CBR,0,"13012,41578"
2017-06-05,CBR,0,"905864,3296"
2017-06-05,CBR,0,"57054,43844"
2017-06-05,CBR,0,"4003,820241"
2017-06-05,CBR,0,"210,8449664"
2017-06-05,CBR,0,45000
2017-06-05,CBR,0,90000
2017-06-05,CBR,0,"1785937,5"
2018-06-28,CBR,0,"8739,415813"
2018-06-28,CBR,0,"15638,95461"
2018-06-28,CBR,0,"4599,692533"
2018-06-28,CBR,0,"109472,6823"
2018-06-28,CBR,0,"638,9674576"
2018-06-28,CBR,0,"22078,52416"
2018-06-28,CBR,0,"147650,1303"
2018-06-28,CBR,0,"3679,754026"
2018-06-28,CBR,0,"1703,91322"
2018-06-28,CBR,0,"1379,90776"
2018-06-28,CBR,0,"255742,9048"
2018-06-28,CBR,0,"68995,38799"
2018-06-28,CBR,0,"690873,8184"
2018-06-28,CBR,0,"91993,85066"
2018-06-28,CBR,5,"905,2038983"
2018-06-28,CBR,5,"106,4945763"
2018-06-28,CBR,5,"67155,51098"
2018-06-28,CBR,5,"29438,03221"
2018-06-28,CBR,5,"267242,1362"
2018-06-28,CBR,5,"6123,438136"
2018-06-28,CBR,5,"1437,67678"
2018-06-28,CBR,5,"12879,13909"
2018-06-28,CBR,5,"433751,0059"
2018-06-28,CBR,5,"28518,0937"
2018-06-28,CBR,5,"188127,4246"
2018-06-28,CBR,5,"62555,81845"
2018-07-16,CBR,0,"2396,127966"
2018-07-16,CBR,0,"11959,20059"
2018-07-16,CBR,0,"6439,569546"
2018-07-16,CBR,0,"53356,43338"
2018-07-16,CBR,0,"83714,4041"
2018-07-16,CBR,0,"89694,00439"
2018-07-16,CBR,0,"5085,116017"
2018-07-16,CBR,0,"14719,01611"
2018-07-16,CBR,0,"638,9674576"
2018-07-16,CBR,0,"20698,6164"
2018-07-16,CBR,0,"5406938,572"
2018-07-16,CBR,0,"5519,63104"
2018-07-16,CBR,0,"32197,84773"
2018-07-16,CBR,0,"206986,164"
2018-07-16,CBR,5,"638,9674576"
2018-07-16,CBR,5,"14323,52051"
2018-07-16,CBR,5,"116525,5442"
2018-07-16,CBR,5,"67462,15715"
2018-07-16,CBR,5,"65162,31088"
2018-07-16,CBR,5,"2875,353559"
2018-07-16,CBR,5,"84327,69644"
2018-07-16,CBR,5,"11499,23133"
2018-07-16,CBR,5,"16865,53929"
2018-07-16,CBR,5,"1181354,366"
2018-07-16,CBR,5,"20819,68966"
2018-07-16,CBR,5,"35264,30942"
2018-07-16,CBR,5,"160222,6232"
2018-09-04,CBR,0,"3620,815593"
2018-09-04,CBR,0,"9199,385066"
2018-09-04,CBR,0,"188587,3939"
2018-09-04,CBR,0,"56346,23353"
2018-09-04,CBR,0,"277131,4751"
2018-09-04,CBR,0,"1703,91322"
2018-09-04,CBR,0,"1703,91322"
2018-09-04,CBR,0,"1478801,149"
2018-09-04,CBR,0,"106,4945763"
2018-09-04,CBR,0,"772748,3455"
2018-09-04,CBR,0,"167888,7775"
2018-09-04,CBR,5,"430531,2211"
2018-09-04,CBR,5,"2981,848136"
2018-09-04,CBR,5,"283341,06"
2018-09-04,CBR,5,"38637,41728"
2018-09-04,CBR,5,"23918,40117"
2018-09-04,CBR,5,"1703,91322"
2018-09-04,CBR,5,"5519,63104"
2018-09-04,CBR,5,"594280,2753"
2018-09-04,CBR,5,"12459,86542"
2018-09-04,CBR,5,"1346789,974"
2018-09-04,CBR,5,"745,4620339"
2018-09-04,CBR,5,"299899,9531"
2017-06-06,CCK,0,"283,9855367"
2017-06-06,CCK,0,"93527,0815"
2017-06-06,CCK,0,"14635,38533"
2017-06-06,CCK,0,"47112,00231"
2017-06-06,CCK,0,"9896,308177"
2017-06-06,CCK,0,"288526,168"
2017-06-06,CCK,0,"5575,384888"
2017-06-06,CCK,0,"3902,769422"
2017-06-06,CCK,5,"138,4429492"
2017-06-06,CCK,5,"38721,04805"
2017-06-06,CCK,5,"31277,90922"
2017-06-06,CCK,5,"27932,67829"
2017-06-06,CCK,5,"660,2663729"
2017-06-06,CCK,5,"167,2615467"
2017-06-06,CCK,5,"2843,446293"
2017-06-06,CCK,5,"117333,975"
2017-06-06,CCK,5,"8530,338879"
2017-06-06,CCK,0,"4761,686215"
2017-06-06,CCK,0,"1673,024886"
2017-06-06,CCK,0,"81334,74833"
2017-06-06,CCK,0,"632,5348993"
2017-06-06,CCK,0,"31,62674497"
2017-06-06,CCK,0,"1930,413331"
2017-06-06,CCK,0,"36420,46484"
2017-06-06,CCK,0,"105,4224832"
2017-06-06,CCK,0,"2573,884441"
2017-06-06,CCK,0,"46457,1"
2017-06-06,CCK,0,25000
2017-06-06,CCK,0,1250
2017-06-06,CCK,0,750
2017-06-06,CCK,0,"186214,3"
2018-06-28,CCK,0,"3986,400195"
2018-06-28,CCK,0,"61942,52611"
2018-06-28,CCK,0,"93833,72767"
2018-06-28,CCK,0,"70,99638418"
2018-06-28,CCK,0,"115912,2518"
2018-06-28,CCK,0,"7359,508053"
2018-06-28,CCK,0,"22691,8165"
2018-06-28,CCK,0,"19625,35481"
2018-06-28,CCK,0,"1533,230844"
2018-06-28,CCK,0,"1224,687627"
2018-06-28,CCK,0,"85860,92728"
2018-06-28,CCK,0,"159,7418644"
2018-06-28,CCK,0,"57956,12592"
2018-06-28,CCK,5,"8739,415813"
2018-06-28,CCK,5,"114072,3748"
2018-06-28,CCK,5,"121891,8521"
2018-06-28,CCK,5,"919,9385066"
2018-06-28,CCK,5,"160069,3001"
2018-06-28,CCK,5,"452,6019492"
2018-06-28,CCK,5,"47376,83309"
2018-06-28,CCK,5,"14719,01611"
2018-06-28,CCK,5,"459,9692533"
2018-06-28,CCK,5,"56116,2489"
2018-06-28,CCK,5,"1890,278729"
2018-06-28,CCK,5,"19778,67789"
2018-06-28,CCK,5,"70835,26501"
2018-07-18,CCK,0,"3942,5936"
2018-07-18,CCK,0,"80166,06986"
2018-07-18,CCK,0,"1971,2968"
2018-07-18,CCK,0,"72937,98159"
2018-07-18,CCK,0,"153761,1504"
2018-07-18,CCK,0,"206329,065"
2018-07-18,CCK,0,"292,8600847"
2018-07-18,CCK,0,"657,0989333"
2018-07-18,CCK,0,"218485,3953"
2018-07-18,CCK,0,"25298,30893"
2018-07-18,CCK,0,"38768,83706"
2018-07-18,CCK,5,"10513,58293"
2018-07-18,CCK,5,"110721,1703"
2018-07-18,CCK,5,"70309,58586"
2018-07-18,CCK,5,"31540,7488"
2018-07-18,CCK,5,"207971,8124"
2018-07-18,CCK,5,"5256,791466"
2018-07-18,CCK,5,"167231,6785"
2018-07-18,CCK,5,"141276,2707"
2018-07-18,CCK,5,"9199,385066"
2018-07-18,CCK,5,"45011,27693"
2018-07-18,CCK,5,"29569,452"
2018-09-05,CCK,0,"1198,063983"
2018-09-05,CCK,0,"33117,78624"
2018-09-05,CCK,0,"107632,8053"
2018-09-05,CCK,0,"194566,9941"
2018-09-05,CCK,0,"4579,26678"
2018-09-05,CCK,0,"114532,3441"
2018-09-05,CCK,0,"11499,23133"
2018-09-05,CCK,0,"56116,2489"
2018-09-05,CCK,0,"761709,0835"
2018-09-05,CCK,0,"12879,13909"
2018-09-05,CCK,0,"3114,966356"
2018-09-05,CCK,0,"93833,72767"
2018-09-05,CCK,5,"158689,3924"
2018-09-05,CCK,5,"186287,5476"
2018-09-05,CCK,5,"29131,38604"
2018-09-05,CCK,5,"21465,23182"
2018-09-05,CCK,5,"766,6154222"
2018-09-05,CCK,5,"47530,15617"
2018-09-05,CCK,5,"503666,3324"
2018-09-05,CCK,5,"19165,38555"
2018-09-05,CCK,5,"172488,47"
2018-09-05,CCK,5,"1703,91322"
2017-06-21,CFK,0,"3565,902402"
2017-06-21,CFK,0,"49734,95456"
2017-06-21,CFK,0,"92,24467282"
2017-06-21,CFK,0,"10603,86767"
2017-06-21,CFK,0,"3565,902402"
2017-06-21,CFK,5,"4599,692533"
2017-06-21,CFK,5,"25442,04932"
2017-06-21,CFK,5,"6,655911017"
2017-06-21,CFK,5,"5246,524295"
2017-06-21,CFK,5,"2587,32705"
2017-06-21,CFK,0,"2891,235306"
2017-06-21,CFK,0,"21,29891525"
2017-06-21,CFK,0,"16734,1195"
2017-06-21,CFK,0,"87,6131911"
2017-06-21,CFK,0,"2055,345322"
2017-06-21,CFK,0,"2190,329778"
2017-06-21,CFK,0,"2496,975946"
2017-06-21,CFK,0,"402,3333333"
2017-06-21,CFK,0,"530,1333333"
2017-06-21,CFK,0,"473,3333333"
2018-09-19,CFK,0,"958,4511864"
2018-09-19,CFK,0,"34242,15552"
2018-09-19,CFK,0,"621,2183616"
2018-09-19,CFK,0,"70,99638418"
2018-09-19,CFK,0,"36797,54026"
2018-09-19,CFK,0,"24531,69351"
2018-09-19,CFK,0,"76831,9012"
2018-09-19,CFK,0,"26405,64232"
2018-09-19,CFK,0,"3747,897619"
2018-09-19,CFK,0,"34071,79654"
2018-09-19,CFK,5,"5296,615644"
2018-09-19,CFK,5,"2927,077066"
2018-09-19,CFK,5,"42372,92515"
2018-09-19,CFK,5,"7108,615733"
2018-09-19,CFK,5,"6551,077244"
2018-09-19,CFK,5,"35,49819209"
2018-09-19,CFK,5,"19235,07787"
2018-09-19,CFK,5,"2927,077066"
2018-09-19,CFK,5,"23834,7704"
2017-07-18,CHL,0,"425,9783051"
2017-07-18,CHL,0,"8542,286133"
2017-07-18,CHL,0,"289123,5306"
2017-07-18,CHL,0,"193187,0864"
2017-07-18,CHL,0,"6570,989333"
2017-07-18,CHL,0,"54539,21146"
2017-07-18,CHL,0,"191215,7896"
2017-07-18,CHL,0,"43368,5296"
2017-07-18,CHL,0,"851,9566102"
2017-07-18,CHL,0,"84108,66346"
2017-07-18,CHL,0,"321321,3784"
2017-07-18,CHL,0,"176102,5141"
2017-07-18,CHL,0,"12484,87973"
2017-07-18,CHL,5,"1224,687627"
2017-07-18,CHL,5,"905,2038983"
2017-07-18,CHL,5,"111049,7197"
2017-07-18,CHL,5,"226042,033"
2017-07-18,CHL,5,"24969,75946"
2017-07-18,CHL,5,"55196,3104"
2017-07-18,CHL,5,"17741,6712"
2017-07-18,CHL,5,"851,9566102"
2017-07-18,CHL,5,"26283,95733"
2017-07-18,CHL,5,"1971,2968"
2017-07-18,CHL,5,"281238,3434"
2017-07-18,CHL,5,"51253,7168"
2017-07-18,CHL,5,"425,9783051"
2017-07-18,CHL,5,"53225,0136"
2017-07-18,CHL,5,"1757,160508"
2017-07-18,CHL,0,"1597,418644"
2017-07-18,CHL,0,"22998,46266"
2017-07-18,CHL,0,"204226,3485"
2017-07-18,CHL,0,"307259,4612"
2017-07-18,CHL,0,"29438,03221"
2017-07-18,CHL,0,"144430,3455"
2017-07-18,CHL,0,"28518,0937"
2017-07-18,CHL,0,"1703,91322"
2017-07-18,CHL,0,"69915,3265"
2017-07-18,CHL,0,"2555,869831"
2017-07-18,CHL,0,"426851,4671"
2017-07-18,CHL,0,"153629,7306"
2017-07-18,CHL,0,"8279,446559"
2017-07-18,CHL,0,"425,9783051"
2017-07-18,CHL,0,110875
2017-07-18,CHL,0,56250
2017-07-18,CHL,0,96875
2017-07-18,CHL,0,18750
2017-07-18,CHL,0,750
2017-07-18,CHL,0,37950
2017-07-18,CHL,0,1625
2017-07-18,CHL,0,1000
2017-07-18,CHL,0,19500
2017-07-18,CHL,0,2800
2017-07-18,CHL,0,"81415,38462"
2017-07-18,CHL,0,31050
2017-07-18,CHL,0,500
2017-09-20,CHL,0,"77274,83455"
2017-09-20,CHL,0,"115912,2518"
2017-09-20,CHL,0,"160069,3001"
2017-09-20,CHL,0,"474688,2694"
2017-09-20,CHL,0,"206066,2255"
2017-09-20,CHL,0,"34957,66325"
2017-09-20,CHL,0,"29438,03221"
2017-09-20,CHL,0,"88314,09663"
2017-09-20,CHL,0,"1384,429492"
2017-09-20,CHL,0,"807706,0088"
2017-09-20,CHL,0,"590600,5212"
2017-09-20,CHL,0,"318298,7233"
2017-09-20,CHL,5,"2342,880678"
2017-09-20,CHL,5,"113459,0825"
2017-09-20,CHL,5,"361842,4793"
2017-09-20,CHL,5,"72061,84968"
2017-09-20,CHL,5,"257582,7818"
2017-09-20,CHL,5,"32197,84773"
2017-09-20,CHL,5,"88927,38897"
2017-09-20,CHL,5,"67462,15715"
2017-09-20,CHL,5,"33731,07857"
2017-09-20,CHL,5,"29131,38604"
2017-09-20,CHL,5,"996600,0488"
2017-09-20,CHL,5,"65928,92631"
2017-09-20,CHL,5,"231517,8575"
2017-09-20,CHL,5,"2342,880678"
2017-09-20,CHL,5,"610225,876"
2017-09-20,CHL,5,"16865,53929"
2017-09-20,CHL,0,"18398,77013"
2017-09-20,CHL,0,"17248,847"
2017-09-20,CHL,0,"136840,8529"
2017-09-20,CHL,0,"292080,4758"
2017-09-20,CHL,0,"110392,6208"
2017-09-20,CHL,0,"62095,84919"
2017-09-20,CHL,0,"9199,385066"
2017-09-20,CHL,0,"64395,69546"
2017-09-20,CHL,0,"425,9783051"
2017-09-20,CHL,0,"32197,84773"
2017-09-20,CHL,0,"312779,0922"
2017-09-20,CHL,0,"18398,77013"
2017-09-20,CHL,0,"270231,9363"
2017-09-20,CHL,0,"1384,429492"
2017-09-20,CHL,0,"325428,2467"
2017-09-20,CHL,0,53750
2017-09-20,CHL,0,1000
2017-09-20,CHL,0,21300
2017-09-20,CHL,0,1000
2017-09-20,CHL,0,2000
2017-09-20,CHL,0,3000
2017-09-20,CHL,0,21500
2017-09-20,CHL,0,"1,00E+05"
2017-09-20,CHL,0,75200
2017-09-20,CHL,0,43000
2017-09-20,CHL,0,166400
2017-09-20,CHL,0,131250
2017-09-20,CHL,0,2000
2018-07-09,CHL,0,"2129,891525"
2018-07-09,CHL,0,"53356,43338"
2018-07-09,CHL,0,"11039,26208"
2018-07-09,CHL,0,"511485,8097"
2018-07-09,CHL,0,"3194,837288"
2018-07-09,CHL,0,"2485673,845"
2018-07-09,CHL,0,"147190,1611"
2018-07-09,CHL,0,"1080007,807"
2018-07-09,CHL,0,"568521,9971"
2018-07-09,CHL,0,"441570,4832"
2018-07-09,CHL,0,"16558,89312"
2018-07-09,CHL,5,"1810,407797"
2018-07-09,CHL,5,"62555,81845"
2018-07-09,CHL,5,"18398,77013"
2018-07-09,CHL,5,"415812,205"
2018-07-09,CHL,5,"9052,038983"
2018-07-09,CHL,5,"1825157,997"
2018-07-09,CHL,5,"31277,90922"
2018-07-09,CHL,5,"1703,91322"
2018-07-09,CHL,5,"95673,60469"
2018-07-09,CHL,5,"907059,3675"
2018-07-09,CHL,5,"384534,2958"
2018-07-09,CHL,5,"23918,40117"
2018-07-09,CHL,5,"268622,0439"
2017-08-29,CMR,0,"26283,95733"
2017-08-29,CMR,0,"21027,16586"
2017-08-29,CMR,0,"7885,187199"
2017-08-29,CMR,0,"312779,0922"
2017-08-29,CMR,0,"152446,9525"
2017-08-29,CMR,0,"19712,968"
2017-08-29,CMR,0,"220785,2416"
2017-08-29,CMR,0,"51253,7168"
2017-08-29,CMR,0,"456026,6597"
2017-08-29,CMR,0,"45996,92533"
2017-08-29,CMR,0,"51253,7168"
2017-08-29,CMR,0,"19712,968"
2017-08-29,CMR,0,"2236,386102"
2017-08-29,CMR,0,"475739,6277"
2017-08-29,CMR,0,"2628,395733"
2017-08-29,CMR,5,"2023,396949"
2017-08-29,CMR,5,"141057,2377"
2017-08-29,CMR,5,"432371,0981"
2017-08-29,CMR,5,"596426,7984"
2017-08-29,CMR,5,"22998,46266"
2017-08-29,CMR,5,"318912,0156"
2017-08-29,CMR,5,"699153,265"
2017-08-29,CMR,5,"73595,08053"
2017-08-29,CMR,5,"113459,0825"
2017-08-29,CMR,5,"305112,938"
2017-08-29,CMR,0,"3514,321017"
2017-08-29,CMR,0,"232613,0224"
2017-08-29,CMR,0,"52567,91466"
2017-08-29,CMR,0,"304893,905"
2017-08-29,CMR,0,"137990,776"
2017-08-29,CMR,0,"49939,51893"
2017-08-29,CMR,0,"10513,58293"
2017-08-29,CMR,0,"2555,869831"
2017-08-29,CMR,0,"10513,58293"
2017-08-29,CMR,0,"779319,3349"
2017-08-29,CMR,0,"107764,2251"
2017-08-29,CMR,0,"88051,25706"
2017-08-29,CMR,0,"622929,7887"
2017-08-29,CMR,0,10000
2017-08-29,CMR,0,"64920,63492"
2017-08-29,CMR,0,108000
2017-08-29,CMR,0,19200
2017-08-29,CMR,0,4000
2017-08-29,CMR,0,32000
2017-08-29,CMR,0,"149333,3333"
2018-07-11,CMR,0,"1235,337085"
2018-07-11,CMR,0,"126951,5139"
2018-07-11,CMR,0,"59612,01523"
2018-07-11,CMR,0,"265310,2653"
2018-07-11,CMR,0,"129159,3663"
2018-07-11,CMR,0,"1103,926208"
2018-07-11,CMR,0,"6623,557247"
2018-07-11,CMR,0,"149765,9889"
2018-07-11,CMR,0,"90153,97365"
2018-07-11,CMR,5,"133084,4373"
2018-07-11,CMR,5,"9506,031235"
2018-07-11,CMR,5,"55196,3104"
2018-07-11,CMR,5,"43850,40215"
2018-07-11,CMR,5,"223545,0571"
2018-07-11,CMR,5,"118978,7135"
2018-07-11,CMR,5,"306,6461689"
2018-07-11,CMR,5,"4906,338702"
2018-07-11,CMR,5,"101499,8819"
2018-07-11,CMR,5,"35877,60176"
2018-07-11,CMR,5,"37410,8326"
2017-06-27,CRR,0,"7447,121244"
2017-06-27,CRR,0,"84984,79537"
2017-06-27,CRR,0,"17,74909605"
2017-06-27,CRR,0,"70,99638418"
2017-06-27,CRR,0,"34826,24346"
2017-06-27,CRR,0,"3723,560622"
2017-06-27,CRR,5,"7155,077273"
2017-06-27,CRR,5,"62010,6697"
2017-06-27,CRR,5,"5792,205412"
2017-06-27,CRR,5,"4770,051516"
2017-06-27,CRR,0,"798,709322"
2017-06-27,CRR,0,"62351,38767"
2017-06-27,CRR,0,"340,7179654"
2017-06-27,CRR,0,"25383,48842"
2017-06-27,CRR,0,"67121,43918"
2017-06-27,CRR,0,"170,4"
2017-06-27,CRR,0,1278
2018-09-18,CRR,0,"585,7201695"
2018-09-18,CRR,0,"3833,077111"
2018-09-18,CRR,0,"88416,31202"
2018-09-18,CRR,0,"64140,15699"
2018-09-18,CRR,0,"129046,9294"
2018-09-18,CRR,0,"9199,385066"
2018-09-18,CRR,0,"62606,92614"
2018-09-18,CRR,5,"3909,738653"
2018-09-18,CRR,5,"399,354661"
2018-09-18,CRR,5,"6209,584919"
2018-09-18,CRR,5,"68075,44949"
2018-09-18,CRR,5,"112002,5132"
2018-09-18,CRR,5,"146960,1764"
2018-09-18,CRR,5,"8739,415813"
2018-09-18,CRR,5,"73135,11127"
2017-06-12,EFR,0,"723465,9255"
2017-06-12,EFR,0,"65052,79439"
2017-06-12,EFR,0,"24312,66053"
2017-06-12,EFR,0,"5913,890399"
2017-06-12,EFR,0,"142590,4685"
2017-06-12,EFR,0,"226042,033"
2017-06-12,EFR,0,"264810,8701"
2017-06-12,EFR,0,"196472,581"
2017-06-12,EFR,0,"192529,9875"
2017-06-12,EFR,0,"4845,50322"
2017-06-12,EFR,0,"4599,692533"
2017-06-12,EFR,5,"169038,7006"
2017-06-12,EFR,5,"11115,92362"
2017-06-12,EFR,5,"54046,38726"
2017-06-12,EFR,5,"141,9927684"
2017-06-12,EFR,5,"113842,3902"
2017-06-12,EFR,5,"1206,938531"
2017-06-12,EFR,5,"18398,77013"
2017-06-12,EFR,5,"7348,125763"
2017-06-12,EFR,5,"239950,6271"
2017-06-12,EFR,5,"50979,92557"
2017-06-12,EFR,5,"1064,945763"
2017-06-12,EFR,5,"131091,2372"
2017-06-12,EFR,5,"766,6154222"
2017-06-12,EFR,0,"33782,23328"
2017-06-12,EFR,0,"3373,519463"
2017-06-12,EFR,0,"90836,67172"
2017-06-12,EFR,0,"406888,232"
2017-06-12,EFR,0,"2846,407047"
2017-06-12,EFR,0,"3004,540772"
2017-06-12,EFR,0,"579,8236577"
2017-06-12,EFR,0,"685,2461409"
2017-06-12,EFR,0,"9277,178523"
2017-06-12,EFR,0,"13968,47903"
2017-06-12,EFR,0,"386618,892"
2017-06-12,EFR,0,"6005,730362"
2017-06-12,EFR,0,"20269,33997"
2017-06-12,EFR,0,"114108,8769"
2017-06-12,EFR,0,"8333,3"
2017-06-12,EFR,0,87500
2017-06-12,EFR,0,"3333,3"
2017-06-12,EFR,0,3400
2017-06-12,EFR,0,64500
2017-06-12,EFR,0,47650
2017-06-12,EFR,0,15000
2017-06-12,EFR,0,8000
2017-06-12,EFR,0,72250
2017-07-11,EFR,0,"16098,92387"
2017-07-11,EFR,0,"34497,694"
2017-07-11,EFR,0,"19548,69327"
2017-07-11,EFR,0,"312779,0922"
2017-07-11,EFR,0,"2928,600847"
2017-07-11,EFR,0,"361075,8638"
2017-07-11,EFR,0,"26623,64407"
2017-07-11,EFR,0,"196636,8558"
2017-07-11,EFR,0,"204686,3177"
2017-07-11,EFR,0,"70145,31113"
2017-07-11,EFR,0,"1996,773305"
2017-07-11,EFR,0,"9199,385066"
2017-07-11,EFR,0,"20698,6164"
2017-07-11,EFR,5,"3833,804746"
2017-07-11,EFR,5,"7667,609492"
2017-07-11,EFR,5,"373086,1721"
2017-07-11,EFR,5,"294380,3221"
2017-07-11,EFR,5,"3088,342712"
2017-07-11,EFR,5,"9199,385066"
2017-07-11,EFR,5,"83816,61949"
2017-07-11,EFR,5,"48348,53763"
2017-07-11,EFR,5,"969001,8936"
2017-07-11,EFR,5,"29179,5139"
2017-07-11,EFR,5,"9199,385066"
2017-07-11,EFR,5,"202386,4714"
2017-07-11,EFR,0,"4206,535763"
2017-07-11,EFR,0,"2715,611695"
2017-07-11,EFR,0,"17741,6712"
2017-07-11,EFR,0,"187930,2949"
2017-07-11,EFR,0,"2628,395733"
2017-07-11,EFR,0,"28255,25413"
2017-07-11,EFR,0,"1011,698475"
2017-07-11,EFR,0,"227356,2309"
2017-07-11,EFR,0,"205671,9661"
2017-07-11,EFR,0,"120249,1048"
2017-07-11,EFR,0,"82794,46559"
2017-07-11,EFR,0,"78194,77306"
2017-07-11,EFR,0,34000
2017-07-11,EFR,0,725000
2017-07-11,EFR,0,"1,00E+05"
2017-07-11,EFR,0,43500
2017-07-11,EFR,0,"6,00E+05"
2017-07-11,EFR,0,"130619,0476"
2017-07-11,EFR,0,28000
2017-07-11,EFR,0,129500
2017-07-11,EFR,0,"3,00E+05"
2017-07-11,EFR,0,3000
2017-07-11,EFR,0,5900000
2017-07-11,EFR,0,2630000
2017-07-11,EFR,0,"3,00E+05"
2017-07-11,EFR,0,481500
2017-07-11,EFR,0,156240
2017-07-11,EFR,0,15000
2017-07-11,EFR,0,67000
2017-07-11,EFR,0,735000
2017-07-11,EFR,0,425000
2018-06-26,EFR,0,"74909,27839"
2018-06-26,EFR,0,"44682,72746"
2018-06-26,EFR,0,"80166,06986"
2018-06-26,EFR,0,"328549,4666"
2018-06-26,EFR,0,"99879,03786"
2018-06-26,EFR,0,"1490,924068"
2018-06-26,EFR,0,"30226,55093"
2018-06-26,EFR,0,"2555,869831"
2018-06-26,EFR,0,"170845,7227"
2018-06-26,EFR,0,"7885,187199"
2018-06-26,EFR,0,"17084,57227"
2018-06-26,EFR,0,"758292,169"
2018-06-26,EFR,0,"12885,84373"
2018-06-26,EFR,0,"64395,69546"
2018-06-26,EFR,0,"8839,049831"
2018-06-26,EFR,0,"131419,7867"
2018-06-26,EFR,0,"5256,791466"
2018-06-26,EFR,5,"78851,87199"
2018-06-26,EFR,5,"6070,190847"
2018-06-26,EFR,5,"625558,1845"
2018-06-26,EFR,5,"307522,3008"
2018-06-26,EFR,5,"119592,0059"
2018-06-26,EFR,5,"13141,97867"
2018-06-26,EFR,5,"1490,924068"
2018-06-26,EFR,5,"42054,33173"
2018-06-26,EFR,5,"15770,3744"
2018-06-26,EFR,5,"31540,7488"
2018-06-26,EFR,5,"544077,9168"
2018-06-26,EFR,5,"1171,440339"
2018-06-26,EFR,5,"85422,86133"
2018-06-26,EFR,5,"21027,16586"
2018-06-26,EFR,5,"101193,2357"
2018-06-26,EFR,5,"43368,5296"
2018-07-17,EFR,0,"57036,18741"
2018-07-17,EFR,0,"528044,7028"
2018-07-17,EFR,0,"1810,407797"
2018-07-17,EFR,0,"12879,13909"
2018-07-17,EFR,0,"171108,5622"
2018-07-17,EFR,0,"43237,10981"
2018-07-17,EFR,0,"103033,1127"
2018-07-17,EFR,0,"388214,0498"
2018-07-17,EFR,0,"128791,3909"
2018-07-17,EFR,0,"798,709322"
2018-07-17,EFR,0,"677994,6794"
2018-07-17,EFR,0,"15638,95461"
2018-07-17,EFR,0,"182147,8243"
2018-07-17,EFR,0,"187667,4553"
2018-07-17,EFR,5,"69762,00342"
2018-07-17,EFR,5,"379474,634"
2018-07-17,EFR,5,"1757,160508"
2018-07-17,EFR,5,"162522,4695"
2018-07-17,EFR,5,"19165,38555"
2018-07-17,EFR,5,"240717,2426"
2018-07-17,EFR,5,"36797,54026"
2018-07-17,EFR,5,"6899,538799"
2018-07-17,EFR,5,"598726,6447"
2018-07-17,EFR,5,"42163,84822"
2018-07-17,EFR,5,"106559,5437"
2018-07-17,EFR,5,"113459,0825"
2017-06-28,GRR,0,"9199,385066"
2017-06-28,GRR,0,"5366,307955"
2017-06-28,GRR,0,"14565,69302"
2017-06-28,GRR,0,"277514,7828"
2017-06-28,GRR,0,"121891,8521"
2017-06-28,GRR,0,"47530,15617"
2017-06-28,GRR,0,"851,9566102"
2017-06-28,GRR,0,"12265,84675"
2017-06-28,GRR,0,"328878,0161"
2017-06-28,GRR,0,"1757,160508"
2017-06-28,GRR,0,"69762,00342"
2017-06-28,GRR,0,"425,9783051"
2017-06-28,GRR,0,"479,2255932"
2017-06-28,GRR,5,"6132,923377"
2017-06-28,GRR,5,"3194,837288"
2017-06-28,GRR,5,"93016,00456"
2017-06-28,GRR,5,"17887,69318"
2017-06-28,GRR,5,"29131,38604"
2017-06-28,GRR,5,"313801,2461"
2017-06-28,GRR,5,"64395,69546"
2017-06-28,GRR,5,"2076,644237"
2017-06-28,GRR,5,"113459,0825"
2017-06-28,GRR,5,"7155,077273"
2017-06-28,GRR,0,"3066,461689"
2017-06-28,GRR,0,"16098,92387"
2017-06-28,GRR,0,"106,4945763"
2017-06-28,GRR,0,"228451,3958"
2017-06-28,GRR,0,"9966,000488"
2017-06-28,GRR,0,"45996,92533"
2017-06-28,GRR,0,"39097,38653"
2017-06-28,GRR,0,"116525,5442"
2017-06-28,GRR,0,"399406,6349"
2017-06-28,GRR,0,"13032,46218"
2017-06-28,GRR,0,"96593,54319"
2017-06-28,GRR,0,"11499,23133"
2017-06-28,GRR,0,"18398,77013"
2017-06-28,GRR,0,"3348,214286"
2017-06-28,GRR,0,"3560,267857"
2017-06-28,GRR,0,"167,4107143"
2017-06-28,GRR,0,"76785,71429"
2018-08-09,GRR,0,"191,6902373"
2018-08-09,GRR,0,"86842,19502"
2018-08-09,GRR,0,"37165,51567"
2018-08-09,GRR,0,"558218,6858"
2018-08-09,GRR,0,"511,1739661"
2018-08-09,GRR,0,"360615,8946"
2018-08-09,GRR,0,"65131,64627"
2018-08-09,GRR,0,"97145,5063"
2018-08-09,GRR,5,"788,0598644"
2018-08-09,GRR,5,"6623,557247"
2018-08-09,GRR,5,"88314,09663"
2018-08-09,GRR,5,"546811,4483"
2018-08-09,GRR,5,"340,7826441"
2018-08-09,GRR,5,"362,0815593"
2018-08-09,GRR,5,"305419,5842"
2018-08-09,GRR,5,"9567,360469"
2018-08-09,GRR,5,"83898,3918"
2017-07-19,HTR,0,"30664,61689"
2017-07-19,HTR,0,"233051,0883"
2017-07-19,HTR,0,"638,9674576"
2017-07-19,HTR,0,"9199,385066"
2017-07-19,HTR,0,"1703,91322"
2017-07-19,HTR,0,"1533,230844"
2017-07-19,HTR,0,"302813,0918"
2017-07-19,HTR,0,"120358,6213"
2017-07-19,HTR,0,"372,7310169"
2017-07-19,HTR,0,"26064,92435"
2017-07-19,HTR,5,"45996,92533"
2017-07-19,HTR,5,"361842,4793"
2017-07-19,HTR,5,"16187,17559"
2017-07-19,HTR,5,"49063,38702"
2017-07-19,HTR,5,"212,9891525"
2017-07-19,HTR,5,"657756,0322"
2017-07-19,HTR,5,"427771,4056"
2017-07-19,HTR,5,"2236,386102"
2017-07-19,HTR,5,"639357,2621"
2017-07-19,HTR,0,"56116,2489"
2017-07-19,HTR,0,"310939,2152"
2017-07-19,HTR,0,"319,4837288"
2017-07-19,HTR,0,"11959,20059"
2017-07-19,HTR,0,"88314,09663"
2017-07-19,HTR,0,"349576,6325"
2017-07-19,HTR,0,"75434,95754"
2017-07-19,HTR,0,"93833,72767"
2017-07-19,HTR,0,6250
2017-07-19,HTR,0,500
2017-07-19,HTR,0,7000
2017-07-19,HTR,0,86125
2017-07-19,HTR,0,1000
2018-08-23,HTR,0,"176321,5471"
2018-08-23,HTR,0,"237650,7809"
2018-08-23,HTR,0,"851,9566102"
2018-08-23,HTR,0,"217718,7799"
2018-08-23,HTR,0,"2342,880678"
2018-08-23,HTR,0,"4599,692533"
2018-08-23,HTR,0,"27598,1552"
2018-08-23,HTR,0,"3354,579153"
2018-08-23,HTR,0,"36030,92484"
2018-08-23,HTR,0,"157922,777"
2018-08-23,HTR,5,"32964,46315"
2018-08-23,HTR,5,"346510,1708"
2018-08-23,HTR,5,"1544,171356"
2018-08-23,HTR,5,"21465,23182"
2018-08-23,HTR,5,"372,7310169"
2018-08-23,HTR,5,"1533,230844"
2018-08-23,HTR,5,"129558,0063"
2018-08-23,HTR,5,"692,2147458"
2018-08-23,HTR,5,"3833,077111"
2018-08-23,HTR,5,"16098,92387"
2017-07-24,MNR,0,"4153,288475"
2017-07-24,MNR,0,"1022,153896"
2017-07-24,MNR,0,"163800,1619"
2017-07-24,MNR,0,"443,7274011"
2017-07-24,MNR,0,"1881,404181"
2017-07-24,MNR,0,"3577,538637"
2017-07-24,MNR,0,"88,74548023"
2017-07-24,MNR,0,"17,74909605"
2017-07-24,MNR,0,"212,9891525"
2017-07-24,MNR,5,"144507,0071"
2017-07-24,MNR,5,"134924,3143"
2017-07-24,MNR,5,"851,9566102"
2017-07-24,MNR,5,"1224,687627"
2017-07-24,MNR,5,"13799,0776"
2017-07-24,MNR,0,"17,74909605"
2017-07-24,MNR,0,"12010,30828"
2017-07-24,MNR,0,"511,0769481"
2017-07-24,MNR,0,"136968,6221"
2017-07-24,MNR,0,"283,9855367"
2017-07-24,MNR,0,"6388,461851"
2017-07-24,MNR,0,"10988,15438"
2017-07-24,MNR,0,11360
2017-07-24,MNR,0,9940
2017-07-24,MNR,0,2130
2017-07-24,MNR,0,1136
2018-07-10,MNR,0,"4804,123312"
2018-07-10,MNR,0,"30051,32455"
2018-07-10,MNR,0,"1839,877013"
2018-07-10,MNR,0,"37104,18643"
2018-07-10,MNR,0,"33220,00163"
2018-07-10,MNR,0,"53,24728814"
2018-07-10,MNR,0,"39557,35578"
2018-07-10,MNR,5,"45485,84838"
2018-07-10,MNR,5,"408,8615585"
2018-07-10,MNR,5,"24736,12429"
2018-07-10,MNR,5,"11345,90825"
2018-07-10,MNR,5,"31,94837288"
2018-07-10,MNR,5,"59591,57215"
2018-07-10,MNR,5,"47019,07923"
2018-07-10,MNR,5,"9812,677404"
2017-07-18,MSR,0,"336697,4934"
2017-07-18,MSR,0,"60715,94143"
2017-07-18,MSR,0,"412132,451"
2017-07-18,MSR,0,"7359,508053"
2017-07-18,MSR,0,"103953,0512"
2017-07-18,MSR,0,"851,9566102"
2017-07-18,MSR,0,"2759,81552"
2017-07-18,MSR,0,"30563,94339"
2017-07-18,MSR,0,"513325,6867"
2017-07-18,MSR,0,"41397,2328"
2017-07-18,MSR,0,"40477,29429"
2017-07-18,MSR,5,"2502,622542"
2017-07-18,MSR,5,"177854,7779"
2017-07-18,MSR,5,"259116,0127"
2017-07-18,MSR,5,"29898,00146"
2017-07-18,MSR,5,"48296,7716"
2017-07-18,MSR,5,"36797,54026"
2017-07-18,MSR,5,"283647,7062"
2017-07-18,MSR,5,"10732,61591"
2017-07-18,MSR,5,"9199,385066"
2017-07-18,MSR,5,"425,9783051"
2017-07-18,MSR,0,"16865,53929"
2017-07-18,MSR,0,"114225,6979"
2017-07-18,MSR,0,"240717,2426"
2017-07-18,MSR,0,"52129,84871"
2017-07-18,MSR,0,"55196,3104"
2017-07-18,MSR,0,"408606,02"
2017-07-18,MSR,0,"27598,1552"
2017-07-18,MSR,0,"131857,8526"
2017-07-18,MSR,0,"18398,77013"
2017-07-18,MSR,0,13000
2017-07-18,MSR,0,1175000
2017-07-18,MSR,0,10000
2017-07-18,MSR,0,15000
2017-07-18,MSR,0,92000
2017-07-18,MSR,0,3000
2017-07-18,MSR,0,750500
2017-07-18,MSR,0,"1,00E+05"
2018-08-20,MSR,0,"851,9566102"
2018-08-20,MSR,0,"1251,311271"
2018-08-20,MSR,0,"126874,8524"
2018-08-20,MSR,0,"106,4945763"
2018-08-20,MSR,0,"130324,6218"
2018-08-20,MSR,0,"26064,92435"
2018-08-20,MSR,0,"9199,385066"
2018-08-20,MSR,0,"127258,1601"
2018-08-20,MSR,0,"32581,15544"
2018-08-20,MSR,0,"47530,15617"
2018-08-20,MSR,0,"292,8600847"
2018-08-20,MSR,0,"123808,3907"
2018-08-20,MSR,5,"239,6127966"
2018-08-20,MSR,5,"146423,5456"
2018-08-20,MSR,5,"106,4945763"
2018-08-20,MSR,5,"107326,1591"
2018-08-20,MSR,5,"11499,23133"
2018-08-20,MSR,5,"72061,84968"
2018-08-20,MSR,5,"81261,23475"
2018-08-20,MSR,5,"64779,00317"
2018-08-20,MSR,5,"188970,7016"
2017-08-23,NRR,0,"931,8275424"
2017-08-23,NRR,0,"346,1073729"
2017-08-23,NRR,0,"13339,10835"
2017-08-23,NRR,0,"31277,90922"
2017-08-23,NRR,0,"6669,554173"
2017-08-23,NRR,0,"559,0965254"
2017-08-23,NRR,0,"2759,81552"
2017-08-23,NRR,0,"332097,8009"
2017-08-23,NRR,0,"122121,8367"
2017-08-23,NRR,0,"24148,3858"
2017-08-23,NRR,0,"53,24728814"
2017-08-23,NRR,5,"1650,665932"
2017-08-23,NRR,5,"19235,07787"
2017-08-23,NRR,5,"83630,77333"
2017-08-23,NRR,5,"14217,23147"
2017-08-23,NRR,5,"7526,769599"
2017-08-23,NRR,5,"53,24728814"
2017-08-23,NRR,5,"1672,615467"
2017-08-23,NRR,5,"621376,6458"
2017-08-23,NRR,5,"6272,307999"
2017-08-23,NRR,5,"126700,6216"
2017-08-23,NRR,5,"86976,00426"
2017-08-23,NRR,0,"745,4620339"
2017-08-23,NRR,0,"6899,538799"
2017-08-23,NRR,0,"78194,77306"
2017-08-23,NRR,0,"27598,1552"
2017-08-23,NRR,0,"3679,754026"
2017-08-23,NRR,0,"5519,63104"
2017-08-23,NRR,0,"885440,8126"
2017-08-23,NRR,0,"200546,5944"
2017-08-23,NRR,0,"5059,661786"
2017-08-23,NRR,0,"90153,97365"
2017-08-23,NRR,0,"126323,5294"
2017-08-23,NRR,0,"1764,705882"
2017-08-23,NRR,0,"107352,9412"
2018-08-07,NRR,0,"51253,7168"
2018-08-07,NRR,0,"266,2364407"
2018-08-07,NRR,0,"82794,46559"
2018-08-07,NRR,0,"112035,3681"
2018-08-07,NRR,0,"59138,90399"
2018-08-07,NRR,0,"67024,09119"
2018-08-07,NRR,0,"2628,395733"
2018-08-07,NRR,0,"34497,694"
2018-08-07,NRR,5,"2811,456814"
2018-08-07,NRR,5,"63081,49759"
2018-08-07,NRR,5,"103558,7919"
2018-08-07,NRR,5,"170,391322"
2018-08-07,NRR,5,"525,6791466"
2018-08-07,NRR,5,"145875,9632"
2018-08-07,NRR,5,"2365,55616"
2018-08-07,NRR,5,"86999,89877"
2017-07-27,PRR,0,"56868,92586"
2017-07-27,PRR,0,"13520,30835"
2017-07-27,PRR,0,"34009,84782"
2017-07-27,PRR,0,"65371,38782"
2017-07-27,PRR,0,"46415,0792"
2017-07-27,PRR,0,"27319,38595"
2017-07-27,PRR,5,"383,3077111"
2017-07-27,PRR,5,"2395,673194"
2017-07-27,PRR,5,"461,4764972"
2017-07-27,PRR,5,"1455,425876"
2017-07-27,PRR,5,"191,6538555"
2017-07-27,PRR,5,"31527,05924"
2017-07-27,PRR,5,"8432,769644"
2017-07-27,PRR,5,"248,4873446"
2017-07-27,PRR,5,"17,74909605"
2017-07-27,PRR,5,"14661,51995"
2017-07-27,PRR,5,"41876,36744"
2017-07-27,PRR,0,"372,7310169"
2017-07-27,PRR,0,"14821,2315"
2017-07-27,PRR,0,"745,4620339"
2017-07-27,PRR,0,"52129,84871"
2017-07-27,PRR,0,"75128,31137"
2017-07-27,PRR,0,"89438,46592"
2017-07-27,PRR,0,"25894,56537"
2017-07-27,PRR,0,"32197,84773"
2017-07-27,PRR,0,"7666,154222"
2017-07-27,PRR,0,"2685,2564"
2017-07-27,PRR,0,"546,1538"
2017-07-27,PRR,0,"327,6923"
2017-07-27,PRR,0,"11984,8"
2017-07-27,PRR,0,"17878,8923"
2018-07-30,PRR,0,"6255,581845"
2018-07-30,PRR,0,"436,6277627"
2018-07-30,PRR,0,"367,9754026"
2018-07-30,PRR,0,"51884,53177"
2018-07-30,PRR,0,"3495,766325"
2018-07-30,PRR,0,"306339,5227"
2018-07-30,PRR,0,"2943,803221"
2018-07-30,PRR,0,"1839,877013"
2018-07-30,PRR,0,"159701,3247"
2018-07-30,PRR,0,"22814,47496"
2018-07-30,PRR,5,"9015,397365"
2018-07-30,PRR,5,"13431,1022"
2018-07-30,PRR,5,"287,5353559"
2018-07-30,PRR,5,"50780,60556"
2018-07-30,PRR,5,"5519,63104"
2018-07-30,PRR,5,"314802,957"
2018-07-30,PRR,5,"170,391322"
2018-07-30,PRR,5,"2575,827818"
2018-07-30,PRR,5,"136702,8621"
2018-07-30,PRR,5,"21158,58565"
2017-08-22,RRR,0,"798,709322"
2017-08-22,RRR,0,"10404,06644"
2017-08-22,RRR,0,"32197,84773"
2017-08-22,RRR,0,"17,74909605"
2017-08-22,RRR,0,"5256,791466"
2017-08-22,RRR,0,"2080,813289"
2017-08-22,RRR,0,"1752,263822"
2017-08-22,RRR,0,"547,5824444"
2017-08-22,RRR,0,"189682,5587"
2017-08-22,RRR,0,"3504,527644"
2017-08-22,RRR,0,"26831,53978"
2017-08-22,RRR,5,"5366,307955"
2017-08-22,RRR,5,"10732,61591"
2017-08-22,RRR,5,"43697,07906"
2017-08-22,RRR,5,"8816,077355"
2017-08-22,RRR,5,"6899,538799"
2017-08-22,RRR,5,"13032,46218"
2017-08-22,RRR,5,"567,9710734"
2017-08-22,RRR,5,"1149,923133"
2017-08-22,RRR,5,"268507,0516"
2017-08-22,RRR,5,"51363,23328"
2017-08-22,RRR,0,"471,7633367"
2017-08-22,RRR,0,"10496,73424"
2017-08-22,RRR,0,"248,4873446"
2017-08-22,RRR,0,"235,8816684"
2017-08-22,RRR,0,"17691,12513"
2017-08-22,RRR,0,"1179,408342"
2017-08-22,RRR,0,"11676,14258"
2017-08-22,RRR,0,"1887,053347"
2017-08-22,RRR,0,"117,9408342"
2017-08-22,RRR,0,"3066,461689"
2017-08-22,RRR,0,"81025,35308"
2017-08-22,RRR,0,"74538,6072"
2017-08-22,RRR,0,"24059,93017"
2017-08-22,RRR,0,"946,6666667"
2017-08-22,RRR,0,3550
2017-08-22,RRR,0,"118,3333333"
2017-08-22,RRR,0,"3715,666667"
2017-08-22,RRR,0,58149
2018-08-02,RRR,0,"127,7934915"
2018-08-02,RRR,0,"1022,347932"
2018-08-02,RRR,0,"12879,13909"
2018-08-02,RRR,0,"42930,46364"
2018-08-02,RRR,0,"113765,7286"
2018-08-02,RRR,0,"2453,169351"
2018-08-02,RRR,0,"306,6461689"
2018-08-02,RRR,0,"769375,2377"
2018-08-02,RRR,0,"553,7717966"
2018-08-02,RRR,0,"101193,2357"
2018-08-02,RRR,5,"149,0924068"
2018-08-02,RRR,5,"5282,130983"
2018-08-02,RRR,5,"4293,046364"
2018-08-02,RRR,5,"56422,89507"
2018-08-02,RRR,5,"3373,107857"
2018-08-02,RRR,5,"141057,2377"
2018-08-02,RRR,5,"9199,385066"
2018-08-02,RRR,5,"613,2923377"
2018-08-02,RRR,5,"574348,2743"
2018-08-02,RRR,5,"809,3587797"
2018-08-02,RRR,5,"83714,4041"
2018-08-02,RRR,5,"42,59783051"
2017-08-07,SRR,0,"1171,440339"
2017-08-07,SRR,0,"51910,81573"
2017-08-07,SRR,0,"106,4945763"
2017-08-07,SRR,0,"226042,033"
2017-08-07,SRR,0,"10513,58293"
2017-08-07,SRR,0,"4845,50322"
2017-08-07,SRR,0,"42054,33173"
2017-08-07,SRR,0,"106,4945763"
2017-08-07,SRR,0,"197786,7789"
2017-08-07,SRR,0,"11827,7808"
2017-08-07,SRR,0,"354833,424"
2017-08-07,SRR,0,"26283,95733"
2017-08-07,SRR,5,"1118,193051"
2017-08-07,SRR,5,"83714,4041"
2017-08-07,SRR,5,"319,4837288"
2017-08-07,SRR,5,"168348,7467"
2017-08-07,SRR,5,"3679,754026"
2017-08-07,SRR,5,"17478,83163"
2017-08-07,SRR,5,"3833,804746"
2017-08-07,SRR,5,"124191,6984"
2017-08-07,SRR,5,"17018,86237"
2017-08-07,SRR,5,"7819,477306"
2017-08-07,SRR,5,"336237,5242"
2017-08-07,SRR,5,"919,9385066"
2017-08-07,SRR,0,"12265,84675"
2017-08-07,SRR,0,"34037,72474"
2017-08-07,SRR,0,"5519,63104"
2017-08-07,SRR,0,"17172,18546"
2017-08-07,SRR,0,"120511,9444"
2017-08-07,SRR,0,"1597,418644"
2017-08-07,SRR,0,"425,9783051"
2017-08-07,SRR,0,"13799,0776"
2017-08-07,SRR,0,"38024,12494"
2017-08-07,SRR,0,"8586,092728"
2017-08-07,SRR,0,"54889,66423"
2017-08-07,SRR,0,"2453,169351"
2017-08-07,SRR,0,"5826,277208"
2017-08-07,SRR,0,"372,7310169"
2017-08-07,SRR,0,"23305,10883"
2017-08-07,SRR,0,"2146,523182"
2017-08-07,SRR,0,"8333,333333"
2017-08-07,SRR,0,"9166,666667"
2017-08-07,SRR,0,"38333,33333"
2017-08-07,SRR,0,"3333,333333"
2017-08-07,SRR,0,"733,3333333"
2017-08-07,SRR,0,3600
2017-08-07,SRR,0,"4933,333333"
2017-08-07,SRR,0,"21706,66667"
2018-08-21,SRR,0,"1916,538555"
2018-08-21,SRR,0,"17632,15471"
2018-08-21,SRR,0,"53,24728814"
2018-08-21,SRR,0,"83561,08102"
2018-08-21,SRR,0,"38714,07882"
2018-08-21,SRR,0,"205069,6254"
2018-08-21,SRR,0,"108859,3899"
2018-08-21,SRR,0,"425,9783051"
2018-08-21,SRR,0,"195870,2404"
2018-08-21,SRR,0,"1304,558559"
2018-08-21,SRR,0,"104259,6974"
2018-08-21,SRR,0,"52513,15642"
2018-08-21,SRR,5,"7282,84651"
2018-08-21,SRR,5,"144507,0071"
2018-08-21,SRR,5,"82027,85017"
2018-08-21,SRR,5,"24148,3858"
2018-08-21,SRR,5,"159072,7001"
2018-08-21,SRR,5,"57112,84895"
2018-08-21,SRR,5,"3066,461689"
2018-08-21,SRR,5,"766,6154222"
2018-08-21,SRR,5,"132241,1603"
2018-08-21,SRR,5,"2023,396949"
2018-08-21,SRR,5,"17248,847"
2018-08-21,SRR,5,"94293,69693"
2017-06-27,TAR,0,"29728,36529"
2017-06-27,TAR,0,"11701,89564"
2017-06-27,TAR,0,"58555,87103"
2017-06-27,TAR,0,"536912,2943"
2017-06-27,TAR,0,"112607,4443"
2017-06-27,TAR,0,"210,8449664"
2017-06-27,TAR,0,"17116,33153"
2017-06-27,TAR,0,"93689,39364"
2017-06-27,TAR,0,"4216,899329"
2017-06-27,TAR,0,"2055,738423"
2017-06-27,TAR,0,"11711,17421"
2017-06-27,TAR,0,"216206,293"
2017-06-27,TAR,0,"9008,595543"
2017-06-27,TAR,0,"10810,31465"
2017-06-27,TAR,0,"2055,738423"
2017-06-27,TAR,0,"1212,358557"
2017-06-27,TAR,0,"1686,759732"
2017-06-27,TAR,0,"55853,29236"
2017-06-27,TAR,0,"14413,75287"
2017-06-27,TAR,5,"632,5348993"
2017-06-27,TAR,5,"13512,89331"
2017-06-27,TAR,5,"141434,95"
2017-06-27,TAR,5,"577450,9743"
2017-06-27,TAR,5,"142335,8096"
2017-06-27,TAR,5,"7206,876434"
2017-06-27,TAR,5,"69366,18568"
2017-06-27,TAR,5,"3162,674497"
2017-06-27,TAR,5,"2161,160906"
2017-06-27,TAR,5,"10810,31465"
2017-06-27,TAR,5,"258546,6921"
2017-06-27,TAR,5,"10810,31465"
2017-06-27,TAR,5,"5429,257886"
2017-06-27,TAR,5,"18918,05064"
2017-06-27,TAR,5,"9909,455097"
2017-06-27,TAR,5,"948,802349"
2017-06-27,TAR,5,"72969,62389"
2017-06-27,TAR,5,"1686,759732"
2017-06-27,TAR,0,"1171,440339"
2017-06-27,TAR,0,"319,4837288"
2017-06-27,TAR,0,"58876,06442"
2017-06-27,TAR,0,"159149,3616"
2017-06-27,TAR,0,"229064,6881"
2017-06-27,TAR,0,"525284,8873"
2017-06-27,TAR,0,"5519,63104"
2017-06-27,TAR,0,"1597,418644"
2017-06-27,TAR,0,"479,2255932"
2017-06-27,TAR,0,"97513,4817"
2017-06-27,TAR,0,"3679,754026"
2017-06-27,TAR,0,"13799,0776"
2017-06-27,TAR,0,"698233,3265"
2017-06-27,TAR,0,"1863,655085"
2017-06-27,TAR,0,"638,9674576"
2017-06-27,TAR,0,"5519,63104"
2017-06-27,TAR,0,"3679,754026"
2017-06-27,TAR,0,"5519,63104"
2017-06-27,TAR,0,"34090,90909"
2017-06-27,TAR,0,"22727,27273"
2017-06-27,TAR,0,"1363,636364"
2017-06-27,TAR,0,"15909,09091"
2017-06-27,TAR,0,"10227,27273"
2017-06-27,TAR,0,"70909,09091"
2017-06-27,TAR,0,"5681,818182"
2017-06-27,TAR,0,"3409,090909"
2017-06-27,TAR,0,35000
2018-07-31,TAR,0,"4195,886305"
2018-07-31,TAR,0,"32013,86003"
2018-07-31,TAR,0,"93465,75227"
2018-07-31,TAR,0,"4415,704832"
2018-07-31,TAR,0,"16558,89312"
2018-07-31,TAR,0,"48204,77775"
2018-07-31,TAR,0,"19502,69634"
2018-07-31,TAR,0,"74331,03133"
2018-07-31,TAR,0,"724,1631186"
2018-07-31,TAR,0,"4415,704832"
2018-07-31,TAR,0,"303211,7318"
2018-07-31,TAR,0,"169636,6606"
2018-07-31,TAR,0,"136886,8498"
2018-07-31,TAR,0,"1839,877013"
2018-07-31,TAR,0,"188771,3816"
2018-07-31,TAR,0,"3311,778624"
2018-07-31,TAR,5,"4472,772203"
2018-07-31,TAR,5,"5910,448983"
2018-07-31,TAR,5,"32854,94666"
2018-07-31,TAR,5,"157703,744"
2018-07-31,TAR,5,"124848,7973"
2018-07-31,TAR,5,"44682,72746"
2018-07-31,TAR,5,"17092,37949"
2018-07-31,TAR,5,"3942,5936"
2018-07-31,TAR,5,"7885,187199"
2018-07-31,TAR,5,"119592,0059"
2018-07-31,TAR,5,"105135,8293"
2018-07-31,TAR,5,"147847,26"
2018-07-31,TAR,5,"3285,494666"
2018-07-31,TAR,5,"162303,4365"
2018-07-31,TAR,5,"2628,395733"
2017-06-14,WFR,0,"266,2364407"
2017-06-14,WFR,0,"138501,8529"
2017-06-14,WFR,0,"8177,23117"
2017-06-14,WFR,0,"14310,15455"
2017-06-14,WFR,0,"2449,375254"
2017-06-14,WFR,5,"355490,5229"
2017-06-14,WFR,5,"15770,3744"
2017-06-14,WFR,5,"45339,8264"
2017-06-14,WFR,5,"13799,0776"
2017-06-14,WFR,5,"147847,26"
2017-06-14,WFR,0,"6899,538799"
2017-06-14,WFR,0,"466408,8228"
2017-06-14,WFR,0,"425,9783051"
2017-06-14,WFR,0,"94753,66618"
2017-06-14,WFR,0,"452,6019492"
2017-06-14,WFR,0,"1656,666667"
2017-06-14,WFR,0,1704
2018-09-06,WFR,0,"53,24728814"
2018-09-06,WFR,0,"26064,92435"
2018-09-06,WFR,0,"638,9674576"
2018-09-06,WFR,0,"243783,7042"
2018-09-06,WFR,0,"40630,61737"
2018-09-06,WFR,0,"180921,2396"
2018-09-06,WFR,0,"67462,15715"
2018-09-06,WFR,0,"142590,4685"
2018-09-06,WFR,0,"115758,9287"
2018-09-06,WFR,5,"24838,33968"
2018-09-06,WFR,5,"115912,2518"
2018-09-06,WFR,5,"7359,508053"
2018-09-06,WFR,5,"259422,6589"
2018-09-06,WFR,5,"25758,27818"
2018-09-06,WFR,5,"222625,1186"
2018-09-06,WFR,5,"5519,63104"
2018-09-06,WFR,5,"52436,49488"
2018-09-06,WFR,5,"113152,4363"
2018-09-06,WFR,5,"86474,21962"